PLAYER_NAME,TEAM_ABBREVIATION,AGE,GP,W,L,W_PCT,MIN,FGM,FGA,FG_PCT,FG3M,FG3A,FG3_PCT,FTM,FTA,FT_PCT,OREB,DREB,REB,AST,TOV,STL,BLK,BLKA,PF,PFD,PTS,PLUS_MINUS
AJ Griffin,ATL,19.0,72,34,38,0.472,19.5,3.4,7.4,0.465,1.4,3.6,0.39,0.6,0.7,0.894,0.5,1.6,2.1,1.0,0.6,0.6,0.2,0.3,1.2,0.6,8.9,0.9
Aaron Gordon,DEN,27.0,68,45,23,0.662,30.2,6.3,11.2,0.564,0.9,2.5,0.347,2.8,4.6,0.608,2.4,4.1,6.6,3.0,1.4,0.8,0.8,1.0,1.9,3.6,16.3,7.6
Aaron Holiday,ATL,26.0,63,32,31,0.508,13.4,1.5,3.5,0.418,0.6,1.4,0.409,0.4,0.5,0.844,0.4,0.8,1.2,1.4,0.6,0.6,0.2,0.3,1.3,0.8,3.9,0.3
Aaron Nesmith,IND,23.0,73,30,43,0.411,24.9,3.5,8.1,0.427,1.6,4.3,0.366,1.6,1.9,0.838,0.8,2.9,3.8,1.3,1.0,0.8,0.5,0.6,3.2,1.9,10.1,-2.9
Aaron Wiggins,OKC,24.0,70,37,33,0.529,18.5,2.7,5.2,0.512,0.7,1.7,0.393,0.8,1.0,0.831,1.0,2.0,3.0,1.1,0.8,0.6,0.2,0.5,1.6,0.9,6.8,0.1
Al Horford,BOS,37.0,63,44,19,0.698,30.5,3.6,7.6,0.476,2.3,5.2,0.446,0.2,0.3,0.714,1.2,5.0,6.2,3.0,0.6,0.5,1.0,0.1,1.9,0.5,9.8,4.9
Alec Burks,DET,31.0,51,12,39,0.235,22.0,3.9,9.0,0.436,1.9,4.7,0.414,3.0,3.7,0.814,0.4,2.7,3.1,2.2,1.1,0.7,0.2,0.3,1.9,2.7,12.8,-0.1
Alex Caruso,CHI,29.0,67,33,34,0.493,23.5,1.9,4.3,0.455,0.8,2.3,0.364,0.9,1.1,0.808,0.6,2.3,2.9,2.9,1.1,1.5,0.7,0.2,2.4,1.6,5.6,3.0
Alperen Sengun,HOU,20.0,75,18,57,0.24,28.9,5.9,10.7,0.553,0.3,0.8,0.333,2.7,3.8,0.715,3.2,5.8,9.0,3.9,2.6,0.9,0.9,0.8,3.4,4.4,14.8,-3.8
Amir Coffey,LAC,26.0,50,26,24,0.52,12.5,1.1,2.9,0.386,0.2,0.8,0.275,1.0,1.3,0.778,0.3,0.7,1.1,1.1,0.4,0.1,0.1,0.3,1.0,0.9,3.4,-2.3
Andre Drummond,CHI,29.0,67,32,35,0.478,12.7,2.5,4.1,0.606,0.0,0.0,0.0,1.0,1.9,0.536,2.1,4.6,6.6,0.5,1.1,0.7,0.4,0.4,1.7,1.6,6.0,0.4
Andrew Nembhard,IND,23.0,75,32,43,0.427,27.6,3.8,8.6,0.441,1.2,3.5,0.35,0.7,0.8,0.79,0.5,2.2,2.7,4.5,1.7,0.9,0.2,0.3,2.4,1.6,9.5,-3.5
Anfernee Simons,POR,24.0,62,27,35,0.435,35.0,7.5,16.9,0.447,3.4,9.1,0.377,2.6,2.9,0.894,0.3,2.3,2.6,4.1,2.1,0.7,0.2,0.7,2.3,2.1,21.1,-1.2
Anthony Davis,LAL,30.0,56,31,25,0.554,34.0,9.7,17.2,0.563,0.3,1.3,0.257,6.2,7.9,0.784,3.5,9.1,12.5,2.6,2.2,1.1,2.0,1.0,2.6,5.9,25.9,3.7
Anthony Edwards,MIN,21.0,79,40,39,0.506,36.0,8.9,19.5,0.459,2.7,7.3,0.369,4.0,5.3,0.756,0.6,5.2,5.8,4.4,3.3,1.6,0.7,0.7,2.4,3.5,24.6,1.2
Anthony Gill,WAS,30.0,59,21,38,0.356,10.6,1.2,2.2,0.538,0.1,0.5,0.138,0.8,1.1,0.731,0.6,1.1,1.7,0.6,0.3,0.1,0.2,0.2,1.2,1.0,3.3,-0.2
Anthony Lamb,GSW,25.0,62,36,26,0.581,19.3,2.4,5.1,0.471,1.2,3.2,0.367,0.7,1.0,0.767,0.9,2.6,3.5,1.5,0.9,0.5,0.3,0.2,2.2,1.1,6.7,0.5
Austin Reaves,LAL,25.0,64,35,29,0.547,28.8,4.0,7.7,0.529,1.3,3.4,0.398,3.6,4.1,0.864,0.5,2.5,3.0,3.4,1.5,0.5,0.3,0.3,1.7,3.7,13.0,3.3
Austin Rivers,MIN,30.0,52,25,27,0.481,19.5,1.8,4.0,0.435,0.8,2.4,0.35,0.6,0.8,0.769,0.1,1.5,1.6,1.4,0.4,0.5,0.1,0.3,1.5,0.9,4.9,-2.7
Ayo Dosunmu,CHI,23.0,80,40,40,0.5,26.2,3.5,7.1,0.493,0.7,2.4,0.312,0.8,1.0,0.805,0.6,2.2,2.8,2.6,1.2,0.8,0.3,0.6,2.3,0.8,8.6,-1.0
Bam Adebayo,MIA,25.0,75,40,35,0.533,34.6,8.0,14.9,0.54,0.0,0.2,0.083,4.3,5.4,0.806,2.5,6.7,9.2,3.2,2.5,1.2,0.8,0.7,2.8,4.8,20.4,1.6
Ben Simmons,BKN,26.0,42,24,18,0.571,26.3,3.2,5.6,0.566,0.0,0.0,0.0,0.6,1.4,0.439,1.0,5.3,6.3,6.1,2.3,1.3,0.6,0.2,3.3,1.7,6.9,1.0
Bennedict Mathurin,IND,21.0,78,33,45,0.423,28.5,5.3,12.2,0.434,1.3,4.0,0.323,4.8,5.8,0.828,1.1,3.0,4.1,1.5,1.9,0.6,0.2,1.1,2.1,3.9,16.7,-2.3
Bismack Biyombo,PHX,30.0,61,33,28,0.541,14.3,2.0,3.4,0.578,0.0,0.0,0.0,0.4,1.1,0.357,1.5,2.8,4.3,0.9,0.8,0.3,1.4,0.2,1.9,1.3,4.3,0.8
Blake Griffin,BOS,34.0,41,27,14,0.659,13.9,1.5,3.2,0.485,0.6,1.6,0.348,0.5,0.8,0.656,1.1,2.6,3.8,1.5,0.5,0.3,0.2,0.1,1.8,1.2,4.1,2.6
Bobby Portis,MIL,28.0,70,47,23,0.671,26.0,5.7,11.5,0.496,1.4,3.7,0.37,1.4,1.8,0.768,2.2,7.4,9.6,1.5,1.2,0.4,0.2,0.5,1.6,1.4,14.1,0.2
Bogdan Bogdanovic,ATL,30.0,54,27,27,0.5,27.9,5.1,11.3,0.447,2.7,6.7,0.406,1.2,1.4,0.831,0.4,2.6,3.1,2.8,1.2,0.8,0.3,0.2,1.6,1.2,14.0,1.2
Bojan Bogdanovic,DET,34.0,59,15,44,0.254,32.1,7.3,14.9,0.488,2.5,6.0,0.411,4.5,5.1,0.884,0.6,3.2,3.8,2.6,2.3,0.6,0.1,1.3,1.9,3.6,21.6,-5.6
Bol Bol,ORL,23.0,70,26,44,0.371,21.5,3.7,6.8,0.546,0.4,1.6,0.265,1.2,1.5,0.759,1.0,4.8,5.8,1.0,1.6,0.4,1.2,0.3,1.3,1.2,9.1,-2.1
Bones Hyland,LAC,22.0,56,36,20,0.643,19.4,4.1,10.2,0.399,2.1,5.6,0.371,1.5,1.8,0.843,0.4,2.1,2.4,3.1,1.5,0.7,0.3,0.6,1.7,1.7,11.8,-2.3
Bradley Beal,WAS,30.0,50,24,26,0.48,33.5,8.9,17.6,0.506,1.6,4.4,0.365,3.8,4.6,0.842,0.8,3.1,3.9,5.4,2.9,0.9,0.7,0.7,2.1,3.4,23.2,0.8
Brandon Clarke,MEM,26.0,56,32,24,0.571,19.5,4.1,6.2,0.656,0.0,0.1,0.167,1.8,2.5,0.719,1.6,3.9,5.5,1.3,1.0,0.6,0.7,0.3,2.3,2.2,10.0,-0.3
Brandon Ingram,NOP,25.0,45,23,22,0.511,34.2,9.0,18.6,0.484,1.4,3.6,0.39,5.3,6.0,0.882,0.5,5.0,5.5,5.8,3.3,0.7,0.4,0.8,2.6,4.9,24.7,2.1
Brook Lopez,MIL,35.0,78,57,21,0.731,30.4,6.1,11.5,0.531,1.7,4.7,0.374,1.9,2.4,0.784,2.0,4.7,6.7,1.3,1.4,0.5,2.5,0.3,2.6,2.1,15.9,5.1
Bruce Brown,DEN,26.0,80,53,27,0.663,28.5,4.5,9.3,0.483,1.1,3.2,0.358,1.5,1.9,0.758,0.8,3.3,4.1,3.4,1.5,1.1,0.6,0.5,2.4,1.5,11.5,0.4
Bryce McGowens,CHA,20.0,46,16,30,0.348,17.1,1.7,4.4,0.396,0.6,1.7,0.325,1.3,1.7,0.75,0.4,1.6,2.0,1.2,0.9,0.3,0.1,0.4,1.0,1.5,5.3,-3.3
Buddy Hield,IND,30.0,80,35,45,0.438,31.0,5.9,13.0,0.458,3.6,8.5,0.425,1.3,1.6,0.822,0.8,4.2,5.0,2.8,1.7,1.2,0.3,0.5,2.0,0.9,16.8,-1.1
CJ McCollum,NOP,31.0,75,38,37,0.507,35.3,7.8,17.9,0.437,2.8,7.2,0.389,2.4,3.2,0.769,0.7,3.6,4.4,5.7,2.4,0.9,0.5,0.8,2.0,2.4,20.9,0.8
Caleb Houstan,ORL,20.0,51,20,31,0.392,15.9,1.3,3.6,0.363,0.9,2.7,0.338,0.3,0.4,0.833,0.7,1.3,1.9,0.6,0.4,0.2,0.1,0.1,1.2,0.3,3.8,-1.6
Caleb Martin,MIA,27.0,71,38,33,0.535,29.3,3.6,7.7,0.464,1.2,3.3,0.356,1.3,1.6,0.805,1.2,3.6,4.8,1.6,1.1,1.0,0.4,0.4,2.0,1.7,9.6,-0.1
Cam Thomas,BKN,21.0,57,30,27,0.526,16.6,3.5,8.0,0.441,0.9,2.3,0.383,2.6,3.1,0.868,0.1,1.5,1.7,1.4,1.1,0.4,0.1,0.2,1.0,2.2,10.6,-0.1
Cameron Johnson,BKN,27.0,42,25,17,0.595,28.6,5.3,11.3,0.47,2.5,6.1,0.404,2.4,2.9,0.842,0.8,3.6,4.4,1.9,0.9,1.2,0.3,0.6,2.0,2.2,15.5,3.7
Cameron Payne,PHX,28.0,48,27,21,0.563,20.2,3.9,9.4,0.415,1.4,3.9,0.368,1.0,1.3,0.766,0.3,2.0,2.2,4.5,1.7,0.7,0.2,0.4,1.8,1.3,10.3,1.6
Caris LeVert,CLE,28.0,74,45,29,0.608,30.2,4.3,10.0,0.431,1.7,4.4,0.392,1.8,2.4,0.722,0.7,3.1,3.8,3.9,1.6,1.0,0.3,0.4,2.3,2.2,12.1,2.6
Cedi Osman,CLE,28.0,77,48,29,0.623,20.1,3.1,6.9,0.451,1.5,4.1,0.372,1.0,1.4,0.694,0.3,2.0,2.3,1.5,0.7,0.5,0.1,0.3,1.6,1.5,8.7,3.0
Chimezie Metu,SAC,26.0,66,41,25,0.621,10.4,2.0,3.3,0.589,0.1,0.6,0.237,0.8,1.1,0.74,0.7,2.3,3.0,0.6,0.5,0.3,0.3,0.2,1.2,0.9,4.9,1.3
Chris Boucher,TOR,30.0,76,39,37,0.513,20.0,3.4,7.0,0.493,0.8,2.5,0.328,1.7,2.2,0.762,2.1,3.5,5.5,0.4,0.5,0.6,0.8,0.5,1.9,1.8,9.4,-0.2
Chris Duarte,IND,26.0,46,19,27,0.413,19.5,2.7,7.2,0.369,1.2,3.8,0.316,1.3,1.6,0.847,0.4,2.1,2.5,1.4,0.9,0.5,0.2,0.4,1.4,1.4,7.9,-2.5
Chris Paul,PHX,38.0,59,33,26,0.559,32.0,5.0,11.3,0.44,1.7,4.4,0.375,2.3,2.7,0.831,0.5,3.8,4.3,8.9,1.9,1.5,0.4,0.1,2.1,2.4,13.9,1.4
Christian Braun,DEN,22.0,76,49,27,0.645,15.5,1.9,3.8,0.495,0.4,1.3,0.354,0.5,0.8,0.625,0.6,1.8,2.4,0.8,0.5,0.5,0.2,0.3,1.3,0.6,4.7,-1.5
Christian Koloko,TOR,23.0,58,29,29,0.5,13.8,1.2,2.6,0.48,0.0,0.2,0.083,0.6,1.0,0.627,1.4,1.5,2.9,0.5,0.3,0.4,1.0,0.3,2.2,0.8,3.1,2.7
Christian Wood,DAL,27.0,67,33,34,0.493,25.9,5.9,11.5,0.515,1.6,4.2,0.376,3.2,4.2,0.772,1.3,6.0,7.3,1.8,1.8,0.4,1.1,0.6,2.5,4.1,16.6,-0.7
Clint Capela,ATL,29.0,65,35,30,0.538,26.6,5.4,8.2,0.653,0.0,0.0,0.0,1.2,2.0,0.603,4.0,7.1,11.0,0.9,0.8,0.7,1.2,0.4,2.1,1.9,12.0,-0.5
Coby White,CHI,23.0,74,37,37,0.5,23.4,3.6,8.0,0.443,1.7,4.6,0.372,0.8,0.9,0.871,0.2,2.6,2.9,2.8,1.0,0.7,0.1,0.3,1.6,1.3,9.7,1.9
Cole Anthony,ORL,23.0,60,28,32,0.467,25.9,4.6,10.2,0.454,1.3,3.4,0.364,2.5,2.8,0.894,0.8,4.0,4.8,3.9,1.5,0.6,0.5,0.4,2.6,2.1,13.0,-0.4
Collin Sexton,UTA,24.0,48,24,24,0.5,23.9,4.9,9.8,0.506,1.0,2.5,0.393,3.4,4.1,0.819,0.8,1.4,2.2,2.9,1.8,0.6,0.1,1.1,2.3,3.6,14.3,-0.6
Corey Kispert,WAS,24.0,74,31,43,0.419,28.3,3.9,7.9,0.497,2.2,5.2,0.424,1.0,1.2,0.852,0.4,2.4,2.8,1.2,0.7,0.4,0.1,0.5,1.3,0.9,11.1,-1.7
Cory Joseph,DET,31.0,62,12,50,0.194,19.8,2.4,5.7,0.427,1.1,2.9,0.389,0.9,1.2,0.792,0.3,1.4,1.7,3.5,0.9,0.5,0.1,0.3,1.4,1.2,6.9,-1.8
D'Angelo Russell,LAL,27.0,71,39,32,0.549,32.5,6.3,13.4,0.469,2.7,6.9,0.396,2.5,3.0,0.829,0.5,2.5,3.0,6.2,2.6,1.0,0.4,0.3,2.0,2.6,17.8,1.2
Daishen Nix,HOU,21.0,57,15,42,0.263,16.0,1.4,4.2,0.342,0.7,2.5,0.286,0.4,0.6,0.667,0.3,1.4,1.7,2.3,1.5,0.5,0.1,0.2,1.0,0.7,4.0,-2.6
Damian Jones,UTA,28.0,41,12,29,0.293,11.6,1.3,2.1,0.64,0.2,0.4,0.588,0.5,0.7,0.759,1.0,2.0,3.0,0.4,0.6,0.2,0.5,0.3,1.3,0.8,3.5,-2.0
Damian Lillard,POR,32.0,58,27,31,0.466,36.3,9.6,20.7,0.463,4.2,11.3,0.371,8.8,9.6,0.914,0.8,4.0,4.8,7.3,3.3,0.9,0.3,0.8,1.9,7.1,32.2,1.8
Damion Lee,PHX,30.0,74,40,34,0.541,20.4,2.7,6.1,0.442,1.5,3.3,0.445,1.3,1.4,0.904,0.5,2.5,3.0,1.3,1.1,0.4,0.1,0.2,1.6,1.4,8.2,1.1
Daniel Gafford,WAS,24.0,78,32,46,0.41,20.6,3.7,5.1,0.732,0.0,0.0,0.0,1.6,2.4,0.679,2.1,3.5,5.6,1.1,1.1,0.4,1.3,0.4,2.4,2.2,9.0,-1.1
Danuel House Jr.,PHI,30.0,56,38,18,0.679,14.4,1.7,3.5,0.472,0.7,2.0,0.336,0.8,1.1,0.75,0.2,1.5,1.7,0.8,0.5,0.3,0.2,0.1,1.2,0.9,4.8,-0.3
Dario Saric,OKC,29.0,57,26,31,0.456,14.1,2.2,4.9,0.458,0.8,2.0,0.391,1.1,1.3,0.829,0.9,2.7,3.6,1.3,1.0,0.4,0.1,0.3,1.7,1.3,6.4,0.6
Darius Bazley,PHX,23.0,43,19,24,0.442,14.3,1.9,4.3,0.454,0.5,1.2,0.377,0.9,1.6,0.543,0.8,2.4,3.2,0.9,0.6,0.5,0.8,0.6,1.0,1.2,5.2,-1.6
Darius Garland,CLE,23.0,69,40,29,0.58,35.5,7.6,16.4,0.462,2.4,6.0,0.41,4.0,4.7,0.863,0.4,2.3,2.7,7.8,2.9,1.2,0.1,0.8,2.1,4.3,21.6,6.3
David Roddy,MEM,22.0,70,44,26,0.629,18.0,2.6,6.0,0.429,0.9,3.0,0.307,0.6,0.9,0.631,0.7,2.0,2.8,0.8,0.8,0.4,0.3,0.3,1.5,0.8,6.7,-0.9
Davion Mitchell,SAC,24.0,80,47,33,0.588,18.1,2.3,5.0,0.454,0.8,2.5,0.32,0.3,0.4,0.806,0.2,1.1,1.3,2.3,0.8,0.6,0.2,0.2,1.4,1.2,5.6,0.0
Davis Bertans,DAL,30.0,45,20,25,0.444,10.9,1.5,3.6,0.431,1.2,3.1,0.39,0.3,0.3,0.867,0.2,1.0,1.2,0.5,0.2,0.2,0.2,0.1,1.2,0.6,4.6,-0.8
Davon Reed,LAL,28.0,43,29,14,0.674,8.0,0.7,2.0,0.333,0.4,1.1,0.37,0.4,0.6,0.667,0.2,1.1,1.4,0.5,0.5,0.3,0.1,0.1,0.9,0.3,2.1,-2.3
Day'Ron Sharpe,BKN,21.0,48,22,26,0.458,11.5,1.9,3.6,0.544,0.1,0.2,0.545,0.7,1.1,0.636,2.1,2.1,4.2,0.8,0.9,0.3,0.7,0.4,1.9,0.9,4.7,-2.1
De'Aaron Fox,SAC,25.0,73,44,29,0.603,33.4,9.3,18.2,0.512,1.6,5.0,0.324,4.7,6.0,0.78,0.5,3.6,4.2,6.1,2.5,1.1,0.3,0.7,2.4,4.7,25.0,2.4
De'Andre Hunter,ATL,25.0,67,35,32,0.522,31.7,5.7,12.3,0.461,1.5,4.3,0.35,2.6,3.1,0.826,0.7,3.6,4.2,1.4,1.2,0.5,0.3,0.7,3.0,3.3,15.4,-0.3
De'Anthony Melton,PHI,25.0,77,50,27,0.649,27.9,3.6,8.5,0.425,2.0,5.2,0.39,0.9,1.1,0.793,0.9,3.2,4.1,2.6,1.3,1.6,0.5,0.3,2.5,1.0,10.1,1.3
DeMar DeRozan,CHI,33.0,74,37,37,0.5,36.2,8.9,17.6,0.504,0.6,1.9,0.324,6.2,7.1,0.872,0.5,4.2,4.6,5.1,2.1,1.1,0.5,0.8,2.5,5.4,24.5,0.9
Dean Wade,CLE,26.0,44,30,14,0.682,20.3,1.7,4.0,0.412,1.0,2.9,0.354,0.3,0.5,0.652,0.5,3.0,3.4,0.8,0.4,0.6,0.5,0.2,2.0,0.6,4.7,2.5
Deandre Ayton,PHX,24.0,67,36,31,0.537,30.4,7.8,13.2,0.589,0.1,0.4,0.292,2.3,3.0,0.76,2.6,7.4,10.0,1.7,1.8,0.6,0.8,0.6,2.8,2.5,18.0,-0.1
Dejounte Murray,ATL,26.0,74,38,36,0.514,36.4,8.3,17.8,0.464,1.8,5.2,0.344,2.1,2.6,0.832,0.7,4.5,5.3,6.1,2.2,1.5,0.3,0.8,1.4,2.1,20.5,-0.8
Delon Wright,WAS,31.0,50,26,24,0.52,24.4,2.8,5.8,0.474,0.8,2.4,0.345,1.0,1.2,0.867,1.2,2.4,3.6,3.9,0.9,1.8,0.3,0.3,1.2,1.6,7.4,1.4
Deni Avdija,WAS,22.0,76,33,43,0.434,26.6,3.3,7.6,0.437,0.9,3.1,0.297,1.6,2.2,0.739,1.0,5.4,6.4,2.8,1.6,0.9,0.4,0.5,2.8,1.8,9.2,-0.7
Dennis Schroder,LAL,29.0,66,37,29,0.561,30.1,4.1,9.8,0.415,1.1,3.4,0.329,3.3,3.8,0.857,0.3,2.2,2.5,4.5,1.7,0.8,0.2,0.7,2.2,2.8,12.6,1.9
Dennis Smith Jr.,CHA,25.0,54,19,35,0.352,25.7,3.4,8.4,0.412,0.4,2.1,0.216,1.4,2.0,0.736,0.5,2.6,3.1,4.8,1.5,1.4,0.5,0.7,2.3,1.5,8.8,-1.3
Derrick Jones Jr.,CHI,26.0,64,29,35,0.453,14.0,1.8,3.6,0.5,0.4,1.3,0.338,1.0,1.3,0.738,0.9,1.5,2.4,0.5,0.4,0.5,0.6,0.3,1.3,1.0,5.0,1.9
Derrick White,BOS,28.0,82,57,25,0.695,28.3,4.3,9.2,0.462,1.8,4.8,0.381,2.0,2.3,0.875,0.6,2.9,3.6,3.9,1.2,0.7,0.9,0.4,2.2,2.5,12.4,6.0
Desmond Bane,MEM,25.0,58,38,20,0.655,31.7,7.8,16.2,0.479,2.9,7.0,0.408,3.1,3.5,0.883,0.7,4.3,5.0,4.4,2.2,1.0,0.4,1.3,2.6,2.6,21.5,6.1
Devin Booker,PHX,26.0,53,34,19,0.642,34.6,9.9,20.1,0.494,2.1,6.0,0.351,5.8,6.8,0.855,0.9,3.7,4.5,5.5,2.7,1.0,0.3,0.8,3.0,5.4,27.8,4.7
Devonte' Graham,SAS,28.0,73,31,42,0.425,18.3,2.2,5.9,0.374,1.6,4.6,0.352,1.3,1.8,0.748,0.3,1.4,1.7,2.7,0.7,0.6,0.2,0.2,1.1,1.5,7.4,-2.2
Dillon Brooks,MEM,27.0,73,46,27,0.63,30.3,5.4,13.6,0.396,2.0,6.0,0.326,1.6,2.1,0.779,0.6,2.7,3.3,2.6,1.4,0.9,0.2,0.5,3.3,1.8,14.3,2.8
Domantas Sabonis,SAC,27.0,79,47,32,0.595,34.6,7.3,11.9,0.615,0.4,1.1,0.373,4.1,5.5,0.742,3.2,9.1,12.3,7.3,2.9,0.8,0.5,0.8,3.5,4.7,19.1,2.7
Donovan Mitchell,CLE,26.0,68,44,24,0.647,35.8,10.0,20.6,0.484,3.6,9.3,0.386,4.7,5.4,0.867,0.9,3.3,4.3,4.4,2.6,1.5,0.4,0.8,2.5,4.1,28.3,5.0
Donte DiVincenzo,GSW,26.0,72,42,30,0.583,26.3,3.3,7.5,0.435,2.1,5.3,0.397,0.8,1.0,0.817,1.1,3.4,4.5,3.5,1.6,1.3,0.1,0.2,1.8,1.6,9.4,1.7
Dorian Finney-Smith,BKN,30.0,66,31,35,0.47,30.4,3.0,7.6,0.391,1.7,5.1,0.337,0.7,0.9,0.763,1.7,3.1,4.8,1.5,0.9,0.8,0.5,0.3,2.2,0.8,8.3,-0.1
Doug McDermott,SAS,31.0,64,19,45,0.297,20.5,3.7,8.2,0.457,1.9,4.7,0.413,0.8,1.1,0.757,0.4,1.8,2.2,1.4,0.9,0.2,0.1,0.4,1.8,0.8,10.2,-3.7
Draymond Green,GSW,33.0,73,41,32,0.562,31.5,3.4,6.5,0.527,0.5,1.8,0.305,1.1,1.5,0.713,0.9,6.3,7.2,6.8,2.8,1.0,0.8,0.3,3.1,2.0,8.5,4.7
Drew Eubanks,POR,26.0,78,31,47,0.397,20.3,2.7,4.3,0.641,0.1,0.2,0.389,1.1,1.6,0.664,1.7,3.7,5.4,1.3,0.9,0.5,1.3,0.1,2.2,1.7,6.6,-1.7
Duncan Robinson,MIA,29.0,42,19,23,0.452,16.4,2.1,5.6,0.371,1.5,4.6,0.328,0.7,0.8,0.906,0.2,1.5,1.6,1.1,0.7,0.3,0.0,0.1,1.8,0.8,6.4,-1.3
Dwight Powell,DAL,31.0,76,37,39,0.487,19.2,2.6,3.5,0.732,0.0,0.1,0.0,1.5,2.2,0.667,2.0,2.2,4.1,0.9,0.9,0.6,0.3,0.2,2.8,2.5,6.7,2.2
Dyson Daniels,NOP,20.0,59,33,26,0.559,17.7,1.5,3.5,0.418,0.5,1.5,0.314,0.4,0.7,0.65,0.6,2.6,3.2,2.3,1.0,0.7,0.2,0.2,1.7,0.7,3.8,-0.1
Edmond Sumner,BKN,27.0,53,33,20,0.623,13.9,2.3,5.1,0.461,0.6,1.6,0.356,1.9,2.0,0.917,0.2,1.2,1.5,1.3,0.9,0.6,0.2,0.5,1.6,1.7,7.1,0.5
Eric Gordon,LAC,34.0,69,25,44,0.362,28.5,4.2,9.5,0.446,1.9,5.2,0.371,2.1,2.5,0.821,0.2,1.7,1.9,2.7,1.5,0.6,0.4,0.4,1.1,1.9,12.4,-3.0
Evan Mobley,CLE,22.0,79,48,31,0.608,34.4,6.6,12.0,0.554,0.3,1.3,0.216,2.6,3.8,0.674,2.4,6.6,9.0,2.8,1.8,0.8,1.5,0.8,2.8,3.2,16.2,4.3
Frank Ntilikina,DAL,24.0,47,20,27,0.426,12.9,1.0,2.8,0.364,0.4,1.4,0.254,0.5,0.7,0.667,0.1,1.2,1.3,1.2,0.6,0.3,0.1,0.1,1.4,0.7,2.9,0.7
Franz Wagner,ORL,21.0,80,33,47,0.413,32.6,6.8,14.0,0.485,1.6,4.5,0.361,3.4,4.0,0.842,0.9,3.2,4.1,3.5,2.1,1.0,0.2,1.1,2.3,3.6,18.6,0.6
Fred VanVleet,TOR,29.0,69,34,35,0.493,36.7,6.3,16.1,0.393,3.0,8.8,0.342,3.7,4.1,0.898,0.4,3.6,4.1,7.2,2.0,1.8,0.6,0.8,2.8,3.2,19.3,2.8
Gabe Vincent,MIA,27.0,68,37,31,0.544,25.9,3.4,8.3,0.402,1.7,5.1,0.334,1.0,1.1,0.872,0.4,1.7,2.1,2.5,1.4,0.9,0.1,0.3,2.3,1.4,9.4,-0.4
Garrison Mathews,ATL,26.0,54,16,38,0.296,12.7,1.4,3.7,0.363,1.2,3.3,0.35,0.9,1.0,0.906,0.2,1.1,1.4,0.5,0.4,0.4,0.1,0.0,1.1,0.9,4.8,-1.6
Gary Harris,ORL,28.0,48,22,26,0.458,24.7,2.9,6.4,0.45,2.0,4.5,0.431,0.6,0.6,0.9,0.4,1.6,2.0,1.2,0.6,0.9,0.3,0.3,1.9,0.8,8.3,-1.8
Gary Trent Jr.,TOR,24.0,66,31,35,0.47,32.1,6.1,14.2,0.433,2.5,6.8,0.369,2.6,3.1,0.839,0.5,2.2,2.6,1.6,0.8,1.6,0.2,0.5,1.5,2.0,17.4,-0.8
George Hill,IND,37.0,46,27,19,0.587,18.1,1.7,3.6,0.47,0.7,2.1,0.358,0.9,1.2,0.764,0.3,1.5,1.8,2.4,0.7,0.6,0.1,0.2,1.2,1.2,5.0,0.9
Georges Niang,PHI,30.0,78,51,27,0.654,19.4,2.8,6.4,0.442,2.0,4.9,0.401,0.5,0.6,0.867,0.2,2.1,2.4,1.0,0.7,0.4,0.2,0.2,1.9,0.6,8.2,1.0
Giannis Antetokounmpo,MIL,28.0,63,47,16,0.746,32.1,11.2,20.3,0.553,0.7,2.7,0.275,7.9,12.3,0.645,2.2,9.6,11.8,5.7,3.9,0.8,0.8,1.3,3.1,9.0,31.1,5.4
Goran Dragic,MIL,37.0,58,27,31,0.466,15.0,2.4,5.8,0.421,0.9,2.5,0.359,0.5,0.8,0.689,0.3,1.1,1.4,2.6,1.1,0.2,0.1,0.3,1.1,0.7,6.3,0.1
Gordon Hayward,CHA,33.0,50,20,30,0.4,31.5,5.5,11.6,0.475,1.0,3.2,0.325,2.6,3.2,0.811,0.7,3.6,4.3,4.1,2.0,0.8,0.2,0.4,1.4,2.9,14.7,-2.2
Grant Williams,BOS,24.0,79,55,24,0.696,25.9,2.7,6.0,0.454,1.5,3.7,0.395,1.2,1.5,0.77,1.1,3.5,4.6,1.7,1.0,0.5,0.4,0.3,2.4,1.6,8.1,2.6
Grayson Allen,MIL,27.0,72,53,19,0.736,27.4,3.4,7.7,0.44,2.0,5.1,0.399,1.6,1.8,0.905,0.8,2.4,3.3,2.3,1.0,0.9,0.2,0.3,1.6,1.7,10.4,3.2
Hamidou Diallo,DET,24.0,56,12,44,0.214,17.8,3.8,6.7,0.573,0.1,0.4,0.238,1.6,2.6,0.588,1.0,2.4,3.5,1.0,1.3,0.9,0.3,0.3,2.2,2.1,9.3,-0.3
Harrison Barnes,SAC,31.0,82,48,34,0.585,32.5,4.6,9.6,0.473,1.6,4.3,0.374,4.3,5.0,0.847,1.1,3.4,4.5,1.6,1.0,0.7,0.1,0.4,1.3,3.5,15.0,3.1
Haywood Highsmith,MIA,26.0,54,28,26,0.519,18.0,1.7,4.0,0.431,0.7,2.0,0.339,0.2,0.5,0.464,1.1,2.4,3.5,0.8,0.8,0.7,0.3,0.2,1.5,0.6,4.4,-1.9
Herbert Jones,NOP,24.0,66,31,35,0.47,29.6,3.6,7.6,0.469,0.8,2.5,0.335,1.9,2.4,0.764,1.5,2.6,4.1,2.5,1.3,1.6,0.6,0.5,3.2,2.2,9.8,2.3
Immanuel Quickley,NYK,24.0,81,47,34,0.58,28.9,5.2,11.6,0.448,2.1,5.6,0.37,2.5,3.1,0.819,0.7,3.4,4.2,3.4,1.2,1.0,0.2,0.4,2.0,2.2,14.9,3.9
Isaac Okoro,CLE,22.0,76,48,28,0.632,21.7,2.3,4.7,0.494,0.8,2.3,0.363,1.0,1.4,0.757,0.7,1.8,2.5,1.1,0.6,0.7,0.4,0.2,2.1,1.0,6.4,1.7
Isaiah Hartenstein,NYK,25.0,82,47,35,0.573,19.9,2.1,4.0,0.535,0.1,0.5,0.216,0.6,0.9,0.676,2.5,4.0,6.5,1.2,0.8,0.6,0.8,0.2,2.6,0.9,5.0,1.8
Isaiah Jackson,IND,21.0,63,24,39,0.381,16.5,2.8,5.0,0.563,0.0,0.2,0.143,1.5,2.3,0.651,1.8,2.7,4.5,0.8,0.8,0.5,1.5,0.5,2.4,1.9,7.2,-2.0
Isaiah Joe,OKC,23.0,73,36,37,0.493,19.1,3.1,7.0,0.441,2.2,5.4,0.409,1.1,1.4,0.82,0.4,2.0,2.4,1.2,0.5,0.7,0.1,0.2,1.4,1.4,9.5,2.9
Isaiah Livers,DET,24.0,52,10,42,0.192,23.1,2.3,5.5,0.417,1.4,3.9,0.365,0.6,0.8,0.821,0.5,2.2,2.8,0.8,0.6,0.5,0.5,0.1,2.0,0.7,6.7,-3.9
Isaiah Roby,NYK,25.0,42,9,33,0.214,11.3,1.6,3.7,0.432,0.4,1.4,0.3,0.5,1.0,0.488,0.5,2.1,2.6,0.9,0.7,0.4,0.2,0.2,1.3,0.9,4.1,-2.6
Isaiah Stewart,DET,22.0,50,12,38,0.24,28.3,3.9,8.8,0.442,1.3,4.1,0.327,2.2,3.0,0.738,2.3,5.8,8.1,1.4,1.4,0.4,0.7,0.4,2.7,2.4,11.3,-4.5
Ish Smith,DEN,34.0,43,25,18,0.581,9.3,1.2,3.0,0.397,0.0,0.3,0.167,0.0,0.1,0.5,0.1,1.1,1.3,2.3,1.0,0.2,0.2,0.1,0.8,0.3,2.5,-0.8
Ish Wainright,PHX,28.0,60,33,27,0.55,15.3,1.4,3.8,0.37,1.0,2.9,0.329,0.4,0.5,0.839,0.8,1.6,2.3,0.9,0.4,0.6,0.4,0.1,2.0,0.5,4.2,1.5
Ivica Zubac,LAC,26.0,76,43,33,0.566,28.5,4.3,6.8,0.634,0.0,0.0,0.0,2.2,3.1,0.697,3.1,6.8,9.9,1.0,1.5,0.4,1.3,0.6,2.9,2.8,10.8,-0.4
JT Thor,CHA,20.0,69,22,47,0.319,14.0,1.4,3.4,0.399,0.6,1.8,0.317,0.5,0.7,0.702,0.5,1.7,2.2,0.5,0.6,0.3,0.3,0.2,1.0,0.5,3.8,-2.4
Ja Morant,MEM,23.0,61,40,21,0.656,31.9,9.3,19.9,0.466,1.5,4.9,0.307,6.1,8.1,0.748,1.0,4.9,5.9,8.1,3.4,1.1,0.3,1.4,1.6,6.2,26.2,5.0
JaMychal Green,GSW,33.0,57,30,27,0.526,14.0,2.4,4.4,0.54,0.7,1.9,0.378,0.9,1.2,0.776,1.3,2.3,3.6,0.9,0.9,0.4,0.4,0.2,1.8,1.0,6.4,-2.7
JaVale McGee,DAL,35.0,42,20,22,0.476,8.4,1.9,3.0,0.64,0.0,0.1,0.4,0.6,1.0,0.585,0.7,1.8,2.5,0.3,0.9,0.1,0.6,0.2,1.3,0.9,4.4,-1.4
Jabari Smith Jr.,HOU,20.0,79,21,58,0.266,31.0,4.6,11.3,0.408,1.5,4.9,0.307,2.1,2.6,0.786,1.5,5.7,7.2,1.3,1.3,0.5,0.9,0.4,2.9,2.0,12.8,-7.0
Jabari Walker,POR,20.0,56,21,35,0.375,11.1,1.5,3.5,0.419,0.3,1.0,0.286,0.6,0.8,0.756,0.9,1.5,2.3,0.6,0.5,0.2,0.2,0.2,1.2,0.7,3.9,-2.1
Jaden Hardy,DAL,20.0,48,20,28,0.417,14.8,3.0,6.9,0.438,1.3,3.3,0.404,1.4,1.6,0.823,0.2,1.6,1.9,1.4,1.0,0.4,0.1,0.6,1.3,1.3,8.8,-0.7
Jaden Ivey,DET,21.0,74,16,58,0.216,31.1,5.5,13.3,0.416,1.6,4.7,0.343,3.6,4.8,0.747,1.0,2.9,3.9,5.2,3.2,0.8,0.2,1.2,3.3,4.3,16.3,-8.7
Jaden McDaniels,MIN,22.0,79,41,38,0.519,30.6,4.7,9.1,0.517,1.4,3.4,0.398,1.3,1.8,0.736,1.2,2.7,3.9,1.9,1.4,0.9,1.0,0.4,3.4,1.6,12.1,0.9
Jakob Poeltl,TOR,27.0,72,26,46,0.361,26.5,5.4,8.6,0.629,0.0,0.0,0.0,1.7,2.8,0.592,3.3,5.8,9.1,2.7,1.7,0.9,1.2,0.5,2.7,2.7,12.5,-2.0
Jalen Brunson,NYK,26.0,68,40,28,0.588,35.0,8.6,17.6,0.491,2.0,4.7,0.416,4.8,5.8,0.829,0.6,3.0,3.5,6.2,2.1,0.9,0.2,0.8,2.2,5.7,24.0,2.2
Jalen Duren,DET,19.0,67,16,51,0.239,24.9,3.9,5.9,0.648,0.0,0.0,0.0,1.4,2.3,0.611,3.4,5.5,8.9,1.1,1.4,0.7,0.9,0.5,2.7,1.9,9.1,-4.2
Jalen Green,HOU,21.0,76,20,56,0.263,34.2,7.4,17.9,0.416,2.5,7.3,0.338,4.8,6.1,0.786,0.6,3.2,3.7,3.7,2.6,0.8,0.2,1.4,1.7,4.1,22.1,-5.9
Jalen Johnson,ATL,21.0,70,35,35,0.5,14.9,2.3,4.6,0.491,0.4,1.5,0.288,0.7,1.1,0.628,0.7,3.3,4.0,1.2,0.6,0.5,0.5,0.3,1.6,0.8,5.6,-0.1
Jalen McDaniels,PHI,25.0,80,31,49,0.388,23.9,3.5,7.7,0.455,1.0,2.9,0.332,1.5,1.7,0.841,0.8,3.5,4.3,1.6,1.2,1.0,0.4,0.5,2.6,1.6,9.4,-1.9
Jalen Smith,IND,23.0,68,31,37,0.456,18.8,3.6,7.5,0.476,0.8,2.8,0.283,1.5,2.0,0.759,1.9,3.9,5.8,1.0,1.1,0.3,0.9,0.6,2.3,2.1,9.4,-1.4
Jalen Suggs,ORL,22.0,53,20,33,0.377,23.5,3.5,8.4,0.419,1.2,3.8,0.327,1.6,2.2,0.723,1.0,2.0,3.0,2.9,1.8,1.3,0.5,0.5,2.3,2.5,9.9,-0.8
Jalen Williams,OKC,22.0,75,36,39,0.48,30.3,5.5,10.6,0.521,1.0,2.7,0.356,2.1,2.5,0.812,1.1,3.4,4.5,3.3,1.6,1.4,0.5,0.7,2.5,2.2,14.1,-0.7
Jamal Murray,DEN,26.0,65,43,22,0.662,32.8,7.3,16.0,0.454,2.6,6.6,0.398,2.8,3.3,0.833,0.7,3.2,4.0,6.2,2.2,1.0,0.2,0.5,1.6,2.8,20.0,4.6
James Harden,PHI,33.0,58,39,19,0.672,36.8,6.4,14.5,0.441,2.8,7.2,0.385,5.4,6.2,0.867,0.7,5.4,6.1,10.7,3.4,1.2,0.5,0.9,1.9,4.6,21.0,4.8
James Wiseman,DET,22.0,45,11,34,0.244,19.3,4.2,7.5,0.558,0.1,0.4,0.2,1.5,2.2,0.701,1.6,4.3,5.9,0.7,1.1,0.2,0.6,0.5,2.4,1.7,10.0,-7.3
Jaren Jackson Jr.,MEM,23.0,63,41,22,0.651,28.4,6.6,13.0,0.506,1.6,4.5,0.355,3.8,4.9,0.788,1.7,5.0,6.8,1.0,1.7,1.0,3.0,1.0,3.6,3.9,18.6,5.8
Jarred Vanderbilt,LAL,24.0,78,43,35,0.551,24.1,3.2,5.8,0.548,0.4,1.2,0.322,1.2,1.8,0.691,2.2,5.3,7.5,2.4,1.2,1.1,0.3,0.4,2.4,1.8,7.9,-1.3
Jarrett Allen,CLE,25.0,68,44,24,0.647,32.6,5.9,9.2,0.644,0.0,0.1,0.1,2.4,3.3,0.733,3.3,6.5,9.8,1.7,1.4,0.8,1.2,0.6,2.3,3.3,14.3,5.1
Jaxson Hayes,NOP,23.0,47,22,25,0.468,13.0,1.8,3.3,0.551,0.1,0.6,0.103,1.2,1.8,0.699,0.8,2.0,2.8,0.7,0.7,0.4,0.4,0.2,1.4,1.3,5.0,-1.5
Jaylen Brown,BOS,26.0,67,46,21,0.687,35.9,10.1,20.6,0.491,2.4,7.3,0.335,3.9,5.1,0.765,1.2,5.7,6.9,3.5,2.9,1.1,0.4,1.1,2.6,4.1,26.6,3.8
Jaylen Nowell,MIN,23.0,65,34,31,0.523,19.3,4.3,9.6,0.448,1.0,3.6,0.289,1.2,1.5,0.778,0.6,2.1,2.6,2.0,1.0,0.6,0.1,0.6,1.6,1.2,10.8,-0.1
Jaylin Williams,OKC,21.0,49,23,26,0.469,18.7,2.1,4.8,0.436,0.9,2.3,0.407,0.8,1.1,0.704,0.9,4.0,4.9,1.6,0.8,0.6,0.2,0.3,2.3,1.9,5.9,-1.8
Jayson Tatum,BOS,25.0,74,52,22,0.703,36.9,9.8,21.1,0.466,3.2,9.3,0.35,7.2,8.4,0.854,1.1,7.7,8.8,4.6,2.9,1.1,0.7,0.8,2.2,5.4,30.1,6.4
Jeff Green,DEN,36.0,56,33,23,0.589,19.5,2.9,5.9,0.488,0.5,1.9,0.288,1.6,2.1,0.744,0.7,1.9,2.6,1.2,0.8,0.3,0.3,0.3,1.8,1.7,7.8,-3.4
Jerami Grant,POR,29.0,63,28,35,0.444,35.6,6.9,14.5,0.475,2.3,5.7,0.401,4.4,5.4,0.813,0.8,3.7,4.5,2.4,1.8,0.8,0.8,0.9,2.4,4.4,20.5,-0.6
Jeremiah Robinson-Earl,OKC,22.0,43,16,27,0.372,18.9,2.6,5.8,0.444,0.9,2.6,0.333,0.8,1.0,0.833,1.7,2.5,4.2,1.0,0.4,0.6,0.3,0.3,1.7,0.8,6.8,-0.2
Jeremy Sochan,SAS,20.0,56,15,41,0.268,26.0,4.5,9.9,0.453,0.6,2.4,0.246,1.4,2.1,0.698,1.7,3.6,5.3,2.5,1.7,0.8,0.4,0.9,2.5,1.8,11.0,-4.2
Jericho Sims,NYK,24.0,52,31,21,0.596,15.6,1.6,2.1,0.776,0.0,0.0,0.0,0.2,0.3,0.75,1.9,2.8,4.7,0.5,0.5,0.3,0.5,0.1,1.8,0.6,3.4,-2.2
Jevon Carter,MIL,27.0,81,57,24,0.704,22.4,3.0,7.0,0.423,1.8,4.2,0.421,0.4,0.5,0.816,0.4,2.1,2.5,2.4,1.0,0.8,0.4,0.2,2.0,0.6,8.0,0.8
Jimmy Butler,MIA,33.0,64,35,29,0.547,33.4,7.5,13.9,0.539,0.6,1.6,0.35,7.4,8.7,0.85,2.2,3.7,5.9,5.3,1.6,1.8,0.3,0.8,1.3,5.7,22.9,0.7
Jock Landale,PHX,27.0,69,35,34,0.507,14.2,2.6,4.9,0.528,0.3,1.2,0.25,1.1,1.5,0.752,1.7,2.3,4.1,1.0,0.9,0.2,0.4,0.3,1.8,1.5,6.6,2.0
Joe Harris,BKN,31.0,74,40,34,0.541,20.6,2.7,5.9,0.457,1.9,4.5,0.426,0.2,0.4,0.643,0.3,1.9,2.2,1.4,0.6,0.5,0.2,0.3,1.9,0.3,7.6,-0.3
Joe Ingles,MIL,35.0,46,32,14,0.696,22.7,2.3,5.4,0.435,1.8,4.4,0.409,0.4,0.5,0.857,0.3,2.5,2.8,3.3,1.2,0.7,0.1,0.1,1.6,0.7,6.9,1.7
Joel Embiid,PHI,29.0,66,43,23,0.652,34.6,11.0,20.1,0.548,1.0,3.0,0.33,10.0,11.7,0.857,1.7,8.4,10.2,4.2,3.4,1.0,1.7,1.4,3.1,7.7,33.1,6.4
John Collins,ATL,25.0,71,37,34,0.521,30.0,5.1,10.0,0.508,1.0,3.4,0.292,2.0,2.5,0.803,1.1,5.4,6.5,1.2,1.1,0.6,1.0,0.6,3.1,2.7,13.1,-0.3
John Konchar,MEM,27.0,72,45,27,0.625,20.7,1.9,4.4,0.431,0.8,2.5,0.339,0.4,0.5,0.778,0.9,3.4,4.3,1.4,0.5,1.1,0.3,0.2,1.6,0.7,5.1,2.9
Jonas Valanciunas,NOP,31.0,79,40,39,0.506,24.9,5.6,10.3,0.547,0.5,1.4,0.349,2.3,2.8,0.826,2.8,7.3,10.2,1.8,2.0,0.3,0.7,0.6,3.1,3.1,14.1,-0.1
Jonathan Kuminga,GSW,20.0,67,38,29,0.567,20.8,3.9,7.4,0.525,0.8,2.2,0.37,1.3,2.1,0.652,1.0,2.4,3.4,1.9,1.4,0.6,0.5,0.5,2.3,1.8,9.9,-0.8
Jordan Clarkson,UTA,31.0,61,30,31,0.492,32.6,7.5,16.9,0.444,2.5,7.5,0.338,3.3,4.0,0.816,1.2,2.9,4.0,4.4,3.0,0.5,0.2,0.9,2.0,3.1,20.8,0.6
Jordan Goodwin,WAS,24.0,62,22,40,0.355,17.8,2.5,5.7,0.448,0.6,1.9,0.322,0.9,1.1,0.768,0.9,2.4,3.3,2.7,0.9,0.9,0.4,0.4,1.5,1.2,6.6,-1.9
Jordan McLaughlin,MIN,27.0,43,22,21,0.512,15.8,1.4,3.4,0.421,0.6,1.8,0.308,0.3,0.4,0.833,0.3,1.1,1.4,3.4,0.8,0.7,0.1,0.2,0.7,0.5,3.7,2.0
Jordan Nwora,IND,24.0,62,36,26,0.581,19.2,3.1,7.2,0.436,1.4,3.4,0.408,1.1,1.4,0.791,0.8,2.9,3.7,1.4,1.1,0.4,0.2,0.5,1.2,1.1,8.7,-4.1
Jordan Poole,GSW,24.0,82,44,38,0.537,30.0,6.7,15.6,0.43,2.6,7.8,0.336,4.4,5.1,0.87,0.4,2.4,2.7,4.5,3.1,0.8,0.3,0.9,2.6,4.2,20.4,-0.1
Jose Alvarado,NOP,25.0,61,30,31,0.492,21.5,3.3,8.0,0.411,1.4,4.0,0.336,1.1,1.3,0.813,0.5,1.9,2.3,3.0,1.3,1.1,0.2,0.5,2.0,1.2,9.0,1.7
Josh Christopher,HOU,21.0,64,16,48,0.25,12.3,2.4,5.1,0.465,0.3,1.4,0.236,0.7,0.9,0.75,0.3,0.8,1.1,1.1,0.9,0.5,0.2,0.3,0.9,0.6,5.8,-3.5
Josh Giddey,OKC,20.0,76,34,42,0.447,31.1,7.1,14.7,0.482,1.0,3.1,0.325,1.4,1.9,0.731,1.9,5.9,7.9,6.2,2.8,0.8,0.4,1.1,1.9,1.5,16.6,-1.4
Josh Green,DAL,22.0,60,27,33,0.45,25.7,3.4,6.4,0.537,1.1,2.8,0.402,1.1,1.6,0.723,0.9,2.1,3.0,1.7,1.2,0.7,0.1,0.4,2.6,2.0,9.1,1.3
Josh Hart,NYK,28.0,76,42,34,0.553,32.3,3.6,6.8,0.529,0.8,2.2,0.372,1.7,2.3,0.75,1.9,5.9,7.8,3.8,1.5,1.2,0.3,0.5,2.6,2.1,9.8,4.1
Josh Okogie,PHX,24.0,72,38,34,0.528,18.8,2.3,5.8,0.391,0.9,2.7,0.335,1.9,2.7,0.724,1.5,2.0,3.5,1.5,0.9,0.8,0.5,0.4,1.6,2.5,7.3,1.5
Josh Richardson,NOP,29.0,65,24,41,0.369,23.5,3.7,8.5,0.431,1.6,4.5,0.365,1.1,1.2,0.852,0.6,2.1,2.7,2.7,1.3,1.1,0.3,0.1,1.8,1.5,10.1,-2.5
Jrue Holiday,MIL,33.0,67,50,17,0.746,32.6,7.3,15.3,0.479,2.4,6.1,0.384,2.3,2.6,0.859,1.2,3.9,5.1,7.4,2.9,1.2,0.4,0.7,1.7,2.4,19.3,7.2
Juan Toscano-Anderson,UTA,30.0,52,19,33,0.365,13.5,1.2,2.8,0.448,0.2,0.8,0.186,0.4,0.5,0.792,0.5,1.8,2.4,1.3,0.7,0.3,0.2,0.2,1.5,0.7,3.0,-2.8
Juancho Hernangomez,TOR,27.0,42,20,22,0.476,14.6,1.1,2.7,0.421,0.4,1.6,0.254,0.2,0.4,0.563,0.6,2.3,2.9,0.6,0.4,0.4,0.1,0.1,1.0,0.4,2.9,0.3
Julius Randle,NYK,28.0,77,44,33,0.571,35.5,8.5,18.6,0.459,2.8,8.3,0.343,5.2,6.9,0.757,1.8,8.1,10.0,4.1,2.8,0.6,0.3,0.7,3.0,4.9,25.1,2.2
Justin Holiday,DAL,34.0,46,18,28,0.391,15.4,1.7,4.4,0.377,1.0,3.1,0.322,0.1,0.2,0.625,0.1,1.1,1.2,0.9,0.5,0.4,0.4,0.2,1.5,0.4,4.5,-2.8
Jusuf Nurkic,POR,28.0,52,24,28,0.462,26.8,5.0,9.7,0.519,0.8,2.3,0.361,2.4,3.7,0.661,2.2,6.9,9.1,2.9,2.3,0.8,0.8,0.7,3.6,3.5,13.3,0.2
Kai Jones,CHA,22.0,46,13,33,0.283,11.9,1.5,2.6,0.558,0.1,0.4,0.211,0.4,0.6,0.731,0.8,1.9,2.7,0.3,0.7,0.4,0.7,0.2,1.4,0.5,3.4,-0.7
Kawhi Leonard,LAC,32.0,52,33,19,0.635,33.6,8.6,16.8,0.512,2.0,4.8,0.416,4.7,5.4,0.871,1.1,5.4,6.5,3.9,1.7,1.4,0.5,0.5,1.6,4.1,23.8,4.2
Keegan Murray,SAC,22.0,80,47,33,0.588,29.8,4.4,9.8,0.453,2.6,6.3,0.411,0.8,1.0,0.765,1.1,3.5,4.6,1.2,0.8,0.8,0.5,0.5,2.0,1.0,12.2,1.2
Keita Bates-Diop,SAS,27.0,67,18,49,0.269,21.7,3.5,6.9,0.508,0.8,2.1,0.394,1.8,2.2,0.793,1.0,2.7,3.7,1.5,0.8,0.7,0.3,0.6,0.9,1.4,9.7,-4.0
Keldon Johnson,SAS,23.0,63,17,46,0.27,32.8,8.0,17.7,0.452,2.1,6.5,0.329,3.9,5.2,0.749,0.9,4.2,5.0,2.9,2.1,0.7,0.2,1.0,2.0,3.6,22.0,-7.8
Kelly Olynyk,UTA,32.0,68,28,40,0.412,28.6,4.1,8.2,0.499,1.4,3.5,0.394,2.9,3.4,0.853,1.2,5.0,6.2,3.7,2.5,0.9,0.5,0.4,3.4,3.8,12.5,0.2
Kelly Oubre Jr.,CHA,27.0,48,16,32,0.333,32.2,7.4,17.1,0.431,2.3,7.1,0.319,3.3,4.3,0.76,1.4,3.8,5.2,1.1,1.3,1.4,0.4,1.1,2.9,3.9,20.3,-5.8
Kendrick Nunn,WAS,27.0,70,30,40,0.429,13.8,2.7,6.4,0.424,1.1,3.2,0.354,0.5,0.6,0.854,0.2,1.3,1.6,1.3,0.9,0.4,0.1,0.4,0.9,0.5,7.1,-0.8
Kenrich Williams,OKC,28.0,53,26,27,0.491,22.8,3.4,6.5,0.517,0.9,2.5,0.373,0.3,0.7,0.436,1.8,3.1,4.9,2.0,0.6,0.8,0.3,0.2,2.1,1.3,8.0,1.4
Kentavious Caldwell-Pope,DEN,30.0,76,51,25,0.671,31.3,3.8,8.3,0.462,1.8,4.2,0.423,1.4,1.6,0.824,0.5,2.3,2.7,2.4,1.1,1.5,0.5,0.1,1.9,1.9,10.8,6.5
Kenyon Martin Jr.,HOU,22.0,82,22,60,0.268,28.0,5.0,8.8,0.569,0.8,2.6,0.315,1.8,2.7,0.68,1.5,4.0,5.5,1.5,1.1,0.5,0.4,0.6,1.8,1.9,12.7,-4.5
Kevin Durant,PHX,34.0,47,34,13,0.723,35.6,10.3,18.3,0.56,2.0,4.9,0.404,6.5,7.1,0.919,0.4,6.3,6.7,5.0,3.3,0.7,1.4,0.5,2.1,5.8,29.1,5.5
Kevin Huerter,SAC,24.0,75,44,31,0.587,29.4,5.6,11.5,0.485,2.7,6.8,0.402,1.3,1.7,0.725,0.6,2.8,3.3,2.9,1.3,1.1,0.3,0.3,2.4,1.3,15.2,3.0
Kevin Knox II,POR,23.0,63,12,51,0.19,15.1,2.4,5.3,0.458,1.0,3.0,0.349,0.7,1.0,0.767,0.5,2.3,2.8,0.5,0.8,0.4,0.2,0.2,1.5,0.7,6.6,-3.6
Kevin Love,MIA,34.0,62,35,27,0.565,20.0,2.7,6.8,0.389,1.6,4.8,0.334,1.3,1.5,0.879,1.0,5.5,6.4,1.9,1.1,0.3,0.2,0.1,1.6,1.8,8.2,1.8
Kevin Porter Jr.,HOU,23.0,59,18,41,0.305,34.3,6.6,15.0,0.442,2.4,6.5,0.366,3.5,4.5,0.784,1.3,4.0,5.3,5.7,3.2,1.4,0.3,1.1,2.6,3.3,19.2,-5.8
Kevon Looney,GSW,27.0,82,44,38,0.537,23.9,3.0,4.7,0.63,0.0,0.0,0.0,1.1,1.9,0.606,3.3,5.9,9.3,2.5,0.5,0.6,0.6,0.4,2.7,1.5,7.0,1.9
Killian Hayes,DET,21.0,76,16,60,0.211,28.3,4.0,10.7,0.377,1.1,3.8,0.28,1.2,1.5,0.821,0.4,2.5,2.9,6.2,2.3,1.4,0.4,0.4,2.9,1.7,10.3,-6.6
Klay Thompson,GSW,33.0,69,38,31,0.551,33.0,7.9,18.1,0.436,4.4,10.6,0.412,1.7,1.9,0.879,0.6,3.6,4.1,2.4,1.8,0.7,0.4,0.5,1.9,1.3,21.9,2.4
Kristaps Porzingis,WAS,27.0,65,27,38,0.415,32.6,7.8,15.7,0.498,2.1,5.5,0.385,5.4,6.4,0.851,1.8,6.6,8.4,2.7,2.1,0.9,1.5,0.9,3.0,6.1,23.2,1.2
Kyle Anderson,MIN,29.0,69,36,33,0.522,28.4,3.7,7.2,0.509,0.6,1.5,0.41,1.4,2.0,0.735,1.0,4.4,5.3,4.9,1.5,1.1,0.9,0.3,2.1,1.9,9.4,1.3
Kyle Kuzma,WAS,27.0,64,29,35,0.453,35.0,8.0,17.8,0.448,2.5,7.5,0.333,2.7,3.7,0.73,0.9,6.4,7.2,3.7,3.0,0.6,0.5,0.9,2.3,2.8,21.2,0.2
Kyle Lowry,MIA,37.0,55,30,25,0.545,31.2,3.6,8.8,0.404,1.9,5.6,0.345,2.1,2.5,0.859,0.8,3.3,4.1,5.1,1.9,1.0,0.4,0.4,2.6,2.5,11.2,1.0
Kyrie Irving,DAL,31.0,60,32,28,0.533,37.3,9.9,20.1,0.494,3.1,8.3,0.379,4.1,4.6,0.905,1.0,4.1,5.1,5.5,2.1,1.1,0.8,0.9,2.8,3.6,27.1,3.7
Lamar Stevens,CLE,25.0,62,39,23,0.629,18.1,2.1,4.6,0.448,0.5,1.5,0.316,0.6,0.9,0.702,0.8,2.6,3.3,0.5,0.4,0.4,0.3,0.5,1.3,0.7,5.3,0.1
Larry Nance Jr.,NOP,30.0,65,34,31,0.523,21.2,2.9,4.7,0.61,0.2,0.6,0.333,0.8,1.2,0.696,1.6,3.8,5.4,1.8,0.6,0.9,0.6,0.2,2.0,1.4,6.8,2.8
Lauri Markkanen,UTA,26.0,66,32,34,0.485,34.4,8.7,17.3,0.499,3.0,7.7,0.392,5.3,6.0,0.875,2.0,6.7,8.6,1.9,1.9,0.6,0.6,1.0,2.1,4.5,25.6,2.5
LeBron James,LAL,38.0,55,30,25,0.545,35.5,11.1,22.2,0.5,2.2,6.9,0.321,4.6,5.9,0.768,1.2,7.1,8.3,6.8,3.2,0.9,0.6,0.9,1.6,5.0,28.9,3.9
Lindy Waters III,OKC,25.0,41,20,21,0.488,12.9,1.7,4.3,0.393,1.4,4.0,0.358,0.4,0.5,0.8,0.4,1.4,1.8,0.7,0.2,0.3,0.3,0.1,1.0,0.3,5.2,3.3
Lonnie Walker IV,LAL,24.0,56,27,29,0.482,23.2,4.2,9.4,0.448,1.6,4.4,0.365,1.6,1.9,0.858,0.3,1.7,1.9,1.1,0.8,0.5,0.3,0.4,1.3,1.2,11.7,-3.7
Luguentz Dort,OKC,24.0,74,36,38,0.486,30.7,4.6,11.8,0.388,1.8,5.5,0.33,2.7,3.5,0.772,1.7,2.9,4.6,2.1,1.2,1.0,0.3,0.7,3.3,3.7,13.7,0.5
Luka Doncic,DAL,24.0,66,33,33,0.5,36.2,10.9,22.0,0.496,2.8,8.2,0.342,7.8,10.5,0.742,0.8,7.8,8.6,8.0,3.6,1.4,0.5,0.7,2.5,7.3,32.4,1.9
Luke Kennard,MEM,27.0,59,37,22,0.627,22.3,3.2,6.5,0.492,2.3,4.6,0.494,0.6,0.7,0.949,0.3,2.4,2.7,1.5,0.8,0.5,0.1,0.2,1.4,0.6,9.3,3.6
Luke Kornet,BOS,27.0,69,45,24,0.652,11.7,1.6,2.5,0.665,0.0,0.2,0.231,0.5,0.6,0.821,1.2,1.6,2.9,0.8,0.4,0.2,0.7,0.1,1.2,0.6,3.8,0.9
Malachi Flynn,TOR,25.0,53,29,24,0.547,13.0,1.6,4.6,0.36,0.9,2.5,0.353,0.5,0.6,0.758,0.3,1.2,1.4,1.3,0.5,0.4,0.1,0.2,1.2,0.6,4.6,-0.8
Malaki Branham,SAS,20.0,66,15,51,0.227,23.5,4.1,9.3,0.44,1.2,3.9,0.302,0.9,1.1,0.829,0.4,2.3,2.7,1.9,1.2,0.5,0.1,0.6,1.7,0.9,10.2,-5.5
Malcolm Brogdon,BOS,30.0,67,46,21,0.687,26.0,5.3,10.9,0.484,2.0,4.4,0.444,2.4,2.7,0.87,0.6,3.6,4.2,3.7,1.5,0.7,0.3,0.8,1.6,2.5,14.9,2.7
Malik Beasley,LAL,26.0,81,45,36,0.556,25.8,4.6,11.6,0.395,2.9,8.1,0.357,0.6,0.8,0.769,0.4,3.1,3.5,1.5,1.1,0.8,0.1,0.3,1.3,0.6,12.7,-1.1
Malik Monk,SAC,25.0,77,47,30,0.61,22.3,4.6,10.3,0.448,1.9,5.2,0.359,2.4,2.7,0.889,0.4,2.2,2.6,3.9,1.9,0.6,0.3,0.7,1.6,1.9,13.5,0.9
MarJon Beauchamp,MIL,22.0,52,34,18,0.654,13.5,1.8,4.7,0.395,0.9,2.7,0.331,0.5,0.7,0.73,0.7,1.5,2.2,0.7,0.9,0.4,0.1,0.3,1.3,0.5,5.1,-1.9
Marcus Morris Sr.,LAC,33.0,65,35,30,0.538,28.1,4.2,9.9,0.426,1.7,4.7,0.365,1.0,1.3,0.782,0.4,3.5,4.0,1.8,0.9,0.6,0.3,0.2,2.1,1.1,11.2,-0.2
Marcus Smart,BOS,29.0,61,43,18,0.705,32.1,4.1,9.9,0.415,1.9,5.6,0.336,1.4,1.9,0.746,0.8,2.4,3.1,6.3,2.3,1.5,0.4,0.3,2.8,2.9,11.5,3.9
Mark Williams,CHA,21.0,43,18,25,0.419,19.3,3.7,5.8,0.637,0.0,0.0,0.0,1.6,2.3,0.691,2.2,4.9,7.1,0.4,0.9,0.7,1.0,0.5,2.2,1.8,9.0,-1.8
Markelle Fultz,ORL,25.0,60,29,31,0.483,29.6,5.8,11.3,0.514,0.5,1.5,0.31,1.9,2.4,0.783,1.2,2.8,3.9,5.7,2.3,1.5,0.4,0.7,2.2,1.9,14.0,-2.2
Marvin Bagley III,DET,24.0,42,7,35,0.167,23.6,4.8,9.1,0.529,0.5,1.6,0.288,1.9,2.6,0.75,2.2,4.2,6.4,0.9,1.1,0.5,0.7,0.4,1.9,2.3,12.0,-5.5
Mason Plumlee,LAC,33.0,79,28,51,0.354,26.0,4.2,6.1,0.68,0.0,0.0,0.0,2.5,4.0,0.636,2.9,6.0,8.9,3.1,1.5,0.6,0.6,0.5,2.7,3.2,10.8,-3.4
Matisse Thybulle,POR,26.0,71,38,33,0.535,16.9,1.5,3.6,0.435,0.8,2.1,0.365,0.3,0.4,0.679,0.6,1.4,2.0,0.7,0.3,1.2,0.5,0.1,1.6,0.5,4.1,-0.2
Max Christie,LAL,20.0,41,19,22,0.463,12.5,1.1,2.6,0.415,0.6,1.5,0.419,0.3,0.4,0.875,0.2,1.7,1.8,0.5,0.3,0.2,0.2,0.1,0.8,0.2,3.1,-1.9
Max Strus,MIA,27.0,80,42,38,0.525,28.4,4.1,9.9,0.41,2.5,7.0,0.35,1.0,1.1,0.876,0.6,2.6,3.2,2.1,0.9,0.5,0.2,0.3,2.1,1.1,11.5,-1.8
Michael Porter Jr.,DEN,25.0,62,41,21,0.661,29.0,6.4,13.2,0.487,3.0,7.3,0.414,1.5,1.9,0.8,1.0,4.5,5.5,1.0,1.1,0.6,0.5,0.5,1.9,1.4,17.4,6.7
Mikal Bridges,BKN,26.0,83,42,41,0.506,35.7,7.1,15.3,0.468,2.0,5.3,0.382,3.8,4.3,0.895,1.0,3.4,4.4,3.3,1.5,1.1,0.7,0.7,1.9,3.4,20.1,0.4
Mike Conley,MIN,35.0,67,34,33,0.507,30.3,3.9,9.1,0.428,2.0,5.2,0.385,2.1,2.5,0.834,0.5,2.2,2.7,6.7,1.5,1.1,0.2,0.2,2.1,2.6,11.9,0.9
Mike Muscala,BOS,31.0,63,32,31,0.508,15.0,2.1,4.6,0.449,1.3,3.3,0.391,0.6,0.8,0.769,0.6,2.6,3.2,0.8,0.4,0.2,0.4,0.2,1.6,0.8,6.1,3.2
Miles McBride,NYK,22.0,64,36,28,0.563,11.9,1.2,3.4,0.358,0.6,2.1,0.299,0.4,0.7,0.667,0.2,0.6,0.8,1.1,0.4,0.6,0.1,0.2,0.9,0.6,3.5,0.8
Mitchell Robinson,NYK,25.0,59,35,24,0.593,26.9,3.2,4.7,0.671,0.0,0.0,0.0,1.0,2.1,0.484,4.5,4.9,9.4,0.9,0.7,0.9,1.8,0.5,2.7,1.9,7.4,3.1
Mo Bamba,LAL,25.0,49,25,24,0.51,15.7,2.4,4.9,0.485,1.0,2.5,0.387,0.8,1.3,0.661,1.2,3.4,4.6,0.9,0.6,0.3,0.9,0.3,2.1,1.0,6.6,0.2
Monte Morris,WAS,28.0,62,28,34,0.452,27.4,4.0,8.3,0.48,1.3,3.3,0.382,1.0,1.2,0.831,0.4,3.0,3.4,5.3,1.0,0.7,0.2,0.3,1.2,1.2,10.3,0.1
Montrezl Harrell,PHI,29.0,57,35,22,0.614,11.9,2.2,3.7,0.598,0.0,0.1,0.0,1.2,1.8,0.693,1.2,1.6,2.8,0.6,0.6,0.3,0.4,0.3,1.3,1.7,5.6,0.3
Moritz Wagner,ORL,26.0,57,27,30,0.474,19.5,3.5,6.9,0.5,0.9,2.9,0.313,2.7,3.2,0.841,1.2,3.3,4.5,1.5,1.2,0.6,0.2,0.5,2.4,2.6,10.5,-0.5
Moses Moody,GSW,21.0,63,37,26,0.587,13.0,1.7,3.6,0.476,0.8,2.1,0.363,0.6,0.8,0.698,0.4,1.2,1.7,0.8,0.5,0.3,0.1,0.2,0.9,0.9,4.8,-0.1
Myles Turner,IND,27.0,62,29,33,0.468,29.4,6.5,11.8,0.548,1.5,4.0,0.373,3.5,4.5,0.783,1.4,6.1,7.5,1.4,1.7,0.6,2.3,0.5,3.5,4.1,18.0,-0.8
Naji Marshall,NOP,25.0,77,40,37,0.519,23.3,3.2,7.4,0.433,0.9,2.8,0.303,1.8,2.3,0.789,0.6,3.0,3.6,2.5,1.3,0.7,0.2,0.5,1.5,1.7,9.1,0.1
Nassir Little,POR,23.0,54,22,32,0.407,18.1,2.5,5.6,0.442,1.1,2.9,0.367,0.6,0.9,0.717,0.5,2.1,2.6,0.9,0.7,0.4,0.4,0.4,1.2,0.7,6.6,-3.5
Naz Reid,MIN,23.0,68,32,36,0.471,18.4,4.6,8.5,0.537,1.1,3.2,0.346,1.3,1.9,0.677,1.1,3.8,4.9,1.1,1.4,0.6,0.8,0.5,2.6,1.6,11.5,-1.9
Nic Claxton,BKN,24.0,76,41,35,0.539,29.9,5.4,7.7,0.705,0.0,0.0,0.0,1.8,3.2,0.541,2.4,6.8,9.2,1.9,1.3,0.9,2.5,0.4,2.8,2.9,12.6,1.6
Nick Richards,CHA,25.0,65,21,44,0.323,18.7,3.0,4.8,0.629,0.0,0.0,1.0,2.1,2.8,0.749,2.3,4.1,6.4,0.6,0.9,0.2,1.1,0.6,2.4,2.4,8.2,-1.7
Nickeil Alexander-Walker,MIN,24.0,59,29,30,0.492,15.0,2.2,5.0,0.444,1.0,2.7,0.384,0.7,1.0,0.667,0.3,1.5,1.7,1.8,0.9,0.5,0.4,0.2,1.5,1.2,6.2,-0.9
Nicolas Batum,LAC,34.0,78,44,34,0.564,21.9,2.1,4.9,0.42,1.6,4.1,0.391,0.4,0.6,0.708,0.8,3.0,3.8,1.6,0.6,0.7,0.6,0.1,1.9,0.5,6.1,2.1
Nikola Jokic,DEN,28.0,69,48,21,0.696,33.7,9.4,14.8,0.632,0.8,2.2,0.383,4.9,6.0,0.822,2.4,9.4,11.8,9.8,3.6,1.3,0.7,0.7,2.5,5.7,24.5,9.3
Nikola Vucevic,CHI,32.0,82,40,42,0.488,33.5,7.3,14.0,0.52,1.5,4.2,0.349,1.6,1.9,0.835,1.9,9.1,11.0,3.2,1.7,0.7,0.7,0.5,2.2,2.1,17.6,-0.2
Norman Powell,LAC,30.0,60,31,29,0.517,26.1,5.7,11.8,0.479,1.9,4.8,0.397,3.8,4.6,0.812,0.4,2.5,2.9,1.8,1.7,0.8,0.3,0.7,2.1,3.7,17.0,-2.1
O.G. Anunoby,TOR,25.0,67,33,34,0.493,35.6,6.3,13.2,0.476,2.1,5.5,0.387,2.1,2.5,0.838,1.4,3.5,5.0,2.0,2.0,1.9,0.7,1.0,3.0,2.3,16.8,2.0
Obi Toppin,NYK,25.0,67,37,30,0.552,15.7,2.8,6.3,0.446,1.3,3.7,0.344,0.6,0.7,0.809,0.4,2.4,2.8,1.0,0.6,0.3,0.2,0.2,1.0,0.5,7.4,0.9
Ochai Agbaji,UTA,23.0,59,29,30,0.492,20.5,2.8,6.5,0.427,1.4,3.9,0.355,0.9,1.2,0.812,0.7,1.3,2.1,1.1,0.7,0.3,0.3,0.3,1.7,0.8,7.9,-0.3
Onyeka Okongwu,ATL,22.0,80,41,39,0.513,23.1,4.0,6.2,0.638,0.1,0.2,0.308,1.9,2.5,0.781,2.7,4.5,7.2,1.0,1.0,0.7,1.3,0.5,3.1,2.1,9.9,0.8
Oshae Brissett,IND,25.0,65,27,38,0.415,16.7,1.9,4.9,0.386,0.7,2.4,0.31,1.6,2.2,0.717,1.0,2.4,3.4,0.7,0.5,0.5,0.2,0.3,1.2,1.4,6.1,0.3
P.J. Tucker,PHI,38.0,75,48,27,0.64,25.6,1.3,3.0,0.427,0.7,1.9,0.393,0.3,0.3,0.826,1.3,2.7,3.9,0.8,0.6,0.5,0.2,0.1,2.4,0.8,3.5,1.8
P.J. Washington,CHA,24.0,73,24,49,0.329,32.6,5.9,13.4,0.444,2.0,5.9,0.348,1.7,2.4,0.73,1.0,3.9,4.9,2.4,1.5,0.9,1.1,0.8,2.6,2.1,15.7,-5.1
Paolo Banchero,ORL,20.0,72,31,41,0.431,33.7,6.7,15.6,0.427,1.2,4.0,0.298,5.5,7.4,0.738,1.2,5.7,6.9,3.7,2.8,0.8,0.5,1.3,2.2,5.0,20.0,-3.0
Pascal Siakam,TOR,29.0,71,35,36,0.493,37.4,8.9,18.5,0.48,1.3,4.0,0.324,5.2,6.7,0.774,1.8,6.0,7.8,5.8,2.4,0.9,0.5,0.5,3.2,5.6,24.2,1.7
Pat Connaughton,MIL,30.0,61,43,18,0.705,23.7,2.7,6.9,0.392,1.8,5.3,0.339,0.4,0.7,0.659,0.8,3.8,4.6,1.3,0.5,0.6,0.2,0.2,1.1,0.8,7.6,2.2
Patrick Beverley,CHI,34.0,67,34,33,0.507,27.1,2.1,5.4,0.4,1.2,3.6,0.335,0.7,1.0,0.723,0.7,3.0,3.7,2.9,0.9,0.9,0.6,0.2,2.8,1.4,6.2,-1.2
Patrick Williams,CHI,21.0,82,40,42,0.488,28.3,3.8,8.3,0.464,1.4,3.4,0.415,1.1,1.3,0.857,1.0,3.0,4.0,1.2,1.2,0.9,0.9,0.5,1.8,1.2,10.2,-1.7
Paul George,LAC,33.0,56,32,24,0.571,34.6,8.2,17.9,0.457,2.8,7.6,0.371,4.6,5.3,0.871,0.8,5.3,6.1,5.1,3.1,1.5,0.4,0.7,2.8,4.1,23.8,2.8
Paul Reed,PHI,24.0,69,44,25,0.638,10.9,1.8,3.0,0.593,0.0,0.1,0.167,0.6,0.7,0.745,1.6,2.2,3.8,0.4,0.7,0.7,0.7,0.2,1.8,0.7,4.2,-0.2
Payton Pritchard,BOS,25.0,48,32,16,0.667,13.4,2.1,5.1,0.412,1.2,3.2,0.364,0.3,0.3,0.75,0.5,1.3,1.8,1.3,0.8,0.3,0.0,0.2,0.8,0.3,5.6,0.3
Precious Achiuwa,TOR,23.0,55,30,25,0.545,20.7,3.6,7.3,0.485,0.5,2.0,0.269,1.6,2.3,0.702,1.8,4.1,6.0,0.9,1.1,0.6,0.5,0.6,1.9,1.7,9.2,-0.7
Quentin Grimes,NYK,23.0,71,41,30,0.577,29.9,4.0,8.5,0.468,2.2,5.7,0.386,1.1,1.4,0.796,0.7,2.5,3.2,2.1,1.0,0.7,0.4,0.3,2.5,1.1,11.3,2.6
R.J. Hampton,DET,22.0,47,9,38,0.191,15.9,2.2,5.0,0.43,0.9,2.5,0.353,1.2,1.6,0.75,0.4,1.5,1.9,1.1,0.9,0.6,0.2,0.3,1.1,1.3,6.4,-3.0
RJ Barrett,NYK,23.0,73,40,33,0.548,33.9,7.0,16.1,0.434,1.7,5.3,0.31,4.0,5.4,0.74,0.8,4.2,5.0,2.8,2.2,0.4,0.2,1.3,2.5,3.7,19.6,-0.8
Raul Neto,CLE,31.0,48,31,17,0.646,10.5,1.2,2.3,0.518,0.3,0.9,0.286,0.6,0.7,0.912,0.2,0.8,1.0,1.6,0.5,0.4,0.1,0.1,1.0,1.0,3.3,0.2
Reggie Bullock,DAL,32.0,78,37,41,0.474,30.3,2.5,6.0,0.409,1.9,5.1,0.38,0.3,0.5,0.703,0.4,3.2,3.6,1.4,0.5,0.7,0.2,0.1,2.1,0.4,7.2,-1.1
Reggie Jackson,DEN,33.0,68,36,32,0.529,24.4,3.9,9.4,0.411,1.4,4.2,0.333,1.0,1.1,0.91,0.4,1.8,2.1,3.4,1.7,0.7,0.1,0.2,1.7,1.1,10.2,-1.2
Richaun Holmes,SAC,29.0,42,22,20,0.524,8.3,1.3,2.1,0.618,0.1,0.2,0.625,0.4,0.5,0.789,0.7,1.2,1.9,0.2,0.3,0.1,0.3,0.2,1.2,0.5,3.1,-1.6
Robert Covington,LAC,32.0,48,20,28,0.417,16.2,2.1,4.8,0.445,1.1,2.8,0.397,0.6,0.8,0.75,0.6,2.8,3.5,1.2,0.7,0.8,0.7,0.2,1.8,0.7,6.0,-0.1
Romeo Langford,SAS,23.0,43,14,29,0.326,19.6,2.8,6.0,0.467,0.4,1.4,0.262,0.9,1.3,0.696,1.3,1.3,2.7,1.2,0.7,0.6,0.3,0.3,1.6,1.5,6.9,-4.2
Royce O'Neale,BKN,30.0,76,42,34,0.553,31.7,3.0,7.8,0.386,2.1,5.5,0.389,0.7,0.9,0.725,0.7,4.3,5.1,3.7,1.5,0.9,0.6,0.4,3.1,1.2,8.8,1.0
Rudy Gay,UTA,36.0,56,29,27,0.518,14.6,1.9,5.1,0.378,0.6,2.3,0.252,0.8,0.9,0.857,0.6,2.3,2.9,1.0,0.7,0.3,0.3,0.0,1.2,0.6,5.2,1.0
Rudy Gobert,MIN,31.0,70,34,36,0.486,30.7,5.1,7.8,0.659,0.0,0.0,0.0,3.1,4.9,0.644,3.3,8.3,11.6,1.2,1.7,0.8,1.4,0.6,3.0,4.6,13.4,-0.1
Rui Hachimura,LAL,25.0,63,38,25,0.603,23.3,4.5,9.3,0.486,0.8,2.5,0.319,1.4,1.9,0.739,0.8,3.7,4.5,0.9,0.8,0.3,0.4,0.6,1.1,1.3,11.2,-0.4
Russell Westbrook,LAC,34.0,73,36,37,0.493,29.1,5.9,13.6,0.436,1.2,3.9,0.311,2.8,4.3,0.656,1.2,4.6,5.8,7.5,3.5,1.0,0.5,1.1,2.2,2.9,15.9,-0.3
Saddiq Bey,ATL,24.0,77,24,53,0.312,27.6,4.6,10.9,0.422,2.0,5.4,0.361,2.7,3.1,0.861,1.3,3.4,4.7,1.5,0.9,0.9,0.2,0.7,1.6,2.0,13.8,-1.9
Sam Hauser,BOS,25.0,80,55,25,0.688,16.1,2.3,5.0,0.455,1.8,4.2,0.418,0.2,0.2,0.706,0.4,2.1,2.6,0.9,0.4,0.4,0.3,0.1,1.2,0.3,6.4,2.7
Sandro Mamukelashvili,SAS,24.0,43,23,20,0.535,15.3,2.3,5.3,0.422,0.7,2.3,0.303,0.9,1.3,0.684,1.6,2.7,4.3,1.4,0.8,0.3,0.3,0.3,1.2,1.1,6.1,-2.7
Santi Aldama,MEM,22.0,77,47,30,0.61,21.8,3.2,6.8,0.47,1.2,3.5,0.353,1.4,1.9,0.75,1.1,3.7,4.8,1.3,0.8,0.6,0.6,0.3,1.9,1.6,9.0,1.2
Scottie Barnes,TOR,21.0,77,38,39,0.494,34.8,6.0,13.2,0.456,0.8,2.9,0.281,2.5,3.2,0.772,2.3,4.3,6.6,4.8,2.0,1.1,0.8,0.6,2.2,2.7,15.3,2.3
Seth Curry,BKN,32.0,61,37,24,0.607,19.8,3.4,7.4,0.463,1.5,3.8,0.405,0.8,0.9,0.927,0.2,1.4,1.6,1.6,0.8,0.6,0.1,0.2,1.6,0.9,9.2,-1.1
Shaedon Sharpe,POR,20.0,80,32,48,0.4,22.2,3.8,8.1,0.472,1.3,3.5,0.36,0.9,1.3,0.714,0.8,2.2,3.0,1.2,1.0,0.5,0.3,0.4,1.7,1.1,9.9,-3.7
Shai Gilgeous-Alexander,OKC,24.0,68,33,35,0.485,35.5,10.4,20.3,0.51,0.9,2.5,0.345,9.8,10.9,0.905,0.9,4.0,4.8,5.5,2.8,1.6,1.0,1.4,2.8,7.2,31.4,2.2
Shake Milton,PHI,26.0,76,52,24,0.684,20.6,3.2,6.6,0.479,0.7,1.9,0.378,1.3,1.5,0.853,0.5,2.0,2.5,3.2,1.2,0.3,0.2,0.5,1.6,1.4,8.4,1.9
Simone Fontecchio,UTA,27.0,52,25,27,0.481,14.7,2.2,6.0,0.369,1.2,3.7,0.33,0.7,0.8,0.795,0.6,1.1,1.7,0.8,0.8,0.3,0.2,0.3,1.2,0.7,6.3,-3.9
Spencer Dinwiddie,BKN,30.0,79,41,38,0.519,34.5,5.8,13.3,0.438,2.3,6.2,0.369,3.4,4.2,0.812,0.4,3.1,3.4,6.5,1.8,0.8,0.3,0.8,2.4,3.2,17.3,-0.1
Stephen Curry,GSW,35.0,56,30,26,0.536,34.7,10.0,20.2,0.493,4.9,11.4,0.427,4.6,5.0,0.915,0.7,5.4,6.1,6.3,3.2,0.9,0.4,0.7,2.1,3.9,29.4,4.8
Steven Adams,MEM,29.0,42,28,14,0.667,27.0,3.7,6.3,0.597,0.0,0.0,0.0,1.1,3.1,0.364,5.1,6.5,11.5,2.3,1.9,0.9,1.1,0.3,2.3,3.1,8.6,5.8
T.J. McConnell,IND,31.0,75,31,44,0.413,20.4,3.8,6.9,0.543,0.3,0.8,0.441,0.8,0.9,0.853,0.6,2.5,3.1,5.3,1.9,1.1,0.1,0.2,1.4,1.3,8.7,-0.8
T.J. Warren,PHX,29.0,42,26,16,0.619,16.4,3.1,6.4,0.489,0.5,1.6,0.328,0.7,0.8,0.8,0.6,2.3,2.9,1.0,0.5,0.5,0.3,0.2,1.5,0.7,7.5,1.3
Taj Gibson,WAS,38.0,49,21,28,0.429,9.8,1.3,2.6,0.52,0.2,0.5,0.333,0.6,0.9,0.714,0.7,1.2,1.9,0.7,0.5,0.3,0.2,0.2,1.7,0.7,3.4,-0.1
Talen Horton-Tucker,UTA,22.0,65,30,35,0.462,20.2,4.0,9.4,0.419,0.9,3.1,0.286,1.9,2.6,0.75,0.6,2.6,3.2,3.8,1.9,0.6,0.4,0.7,1.7,1.9,10.7,-0.1
Tari Eason,HOU,22.0,82,22,60,0.268,21.6,3.6,8.0,0.448,0.7,2.1,0.343,1.3,1.8,0.752,2.4,3.7,6.0,1.1,1.2,1.2,0.6,0.8,2.3,1.3,9.3,-1.9
Taurean Prince,MIN,29.0,54,31,23,0.574,22.1,3.3,7.0,0.467,1.4,3.6,0.381,1.2,1.4,0.844,0.3,2.2,2.4,1.6,1.3,0.5,0.3,0.3,2.3,1.6,9.1,0.0
Terance Mann,LAC,26.0,81,44,37,0.543,23.1,3.4,6.5,0.519,1.0,2.4,0.389,1.1,1.5,0.78,1.0,2.5,3.4,2.3,1.0,0.5,0.3,0.4,1.8,1.4,8.8,0.0
Terence Davis,SAC,26.0,64,38,26,0.594,13.1,2.4,5.7,0.423,1.4,3.8,0.366,0.5,0.7,0.791,0.3,1.9,2.2,1.0,0.8,0.7,0.2,0.2,1.6,0.5,6.7,0.7
Terrence Ross,PHX,32.0,63,27,36,0.429,21.1,3.2,7.4,0.43,1.5,4.1,0.368,0.4,0.5,0.794,0.3,2.1,2.4,1.5,0.7,0.6,0.2,0.3,1.5,0.5,8.3,-1.2
Terry Rozier,CHA,29.0,63,19,44,0.302,35.3,7.8,18.9,0.415,2.6,8.0,0.327,2.8,3.5,0.809,0.8,3.3,4.1,5.1,2.1,1.2,0.3,1.0,1.9,3.0,21.1,-4.6
Thaddeus Young,TOR,35.0,54,23,31,0.426,14.7,2.0,3.7,0.545,0.1,0.6,0.176,0.3,0.5,0.692,1.3,1.8,3.1,1.4,0.8,1.0,0.1,0.2,1.6,0.7,4.4,-1.7
Theo Maledon,CHA,22.0,44,14,30,0.318,19.4,2.3,5.8,0.402,0.6,2.2,0.295,1.4,1.7,0.851,0.3,2.5,2.8,3.5,1.3,0.8,0.3,0.3,1.4,1.3,6.7,-3.3
Thomas Bryant,DEN,25.0,59,33,26,0.559,18.3,3.9,6.3,0.623,0.4,1.0,0.441,1.6,2.1,0.738,1.5,4.3,5.7,0.5,0.6,0.3,0.5,0.6,1.7,1.7,9.8,-1.6
Tim Hardaway Jr.,DAL,31.0,71,37,34,0.521,30.3,4.8,11.9,0.401,3.0,7.7,0.385,1.8,2.3,0.77,0.3,3.2,3.5,1.8,0.8,0.7,0.2,0.4,1.7,2.2,14.4,2.3
Tobias Harris,PHI,30.0,74,47,27,0.635,32.9,5.7,11.4,0.501,1.7,4.4,0.389,1.5,1.7,0.876,0.9,4.8,5.7,2.5,1.2,0.9,0.5,0.7,2.0,1.5,14.7,4.0
Torrey Craig,PHX,32.0,79,44,35,0.557,24.7,2.9,6.3,0.456,1.3,3.2,0.395,0.4,0.6,0.711,1.8,3.6,5.4,1.5,0.9,0.6,0.8,0.3,2.3,0.7,7.4,-2.2
Trae Young,ATL,24.0,73,38,35,0.521,34.8,8.2,19.0,0.429,2.1,6.3,0.335,7.8,8.8,0.886,0.8,2.2,3.0,10.2,4.1,1.1,0.1,1.2,1.4,6.4,26.2,1.4
Tre Jones,SAS,23.0,68,20,48,0.294,29.2,5.0,10.9,0.459,0.7,2.3,0.285,2.2,2.5,0.86,0.8,2.8,3.6,6.6,1.6,1.3,0.1,0.6,1.4,2.7,12.9,-4.8
Tre Mann,OKC,22.0,67,31,36,0.463,17.7,2.9,7.5,0.393,1.2,3.8,0.315,0.6,0.8,0.764,0.4,1.9,2.3,1.8,0.9,0.6,0.2,0.2,1.5,0.8,7.7,0.9
Trendon Watford,POR,22.0,62,26,36,0.419,19.1,2.9,5.2,0.56,0.4,1.0,0.391,1.2,1.6,0.72,0.7,3.2,3.8,2.1,1.1,0.5,0.2,0.2,1.9,1.5,7.4,-2.9
Trey Lyles,SAC,27.0,74,43,31,0.581,16.9,2.5,5.5,0.458,1.2,3.2,0.363,1.4,1.7,0.815,0.9,3.1,4.1,0.9,0.9,0.4,0.4,0.3,1.3,1.4,7.6,1.4
Trey Murphy III,NOP,23.0,79,39,40,0.494,31.0,4.9,10.1,0.484,2.6,6.3,0.406,2.2,2.4,0.905,0.7,2.8,3.6,1.4,0.8,1.1,0.5,0.3,2.0,1.6,14.5,0.5
Troy Brown Jr.,LAL,23.0,76,40,36,0.526,24.5,2.6,6.1,0.43,1.4,3.7,0.381,0.4,0.5,0.872,0.8,3.2,4.1,1.3,0.6,0.8,0.2,0.4,1.6,0.6,7.1,-0.2
Ty Jerome,GSW,25.0,45,22,23,0.489,18.1,2.6,5.4,0.488,0.8,2.0,0.389,0.8,0.9,0.927,0.2,1.6,1.7,3.0,0.7,0.5,0.1,0.2,1.4,0.9,6.9,-2.0
Tyler Herro,MIA,23.0,67,37,30,0.552,34.9,7.3,16.6,0.439,3.0,8.0,0.378,2.5,2.7,0.934,0.4,5.0,5.4,4.2,2.4,0.8,0.2,0.8,1.5,1.9,20.1,2.5
Tyrese Haliburton,IND,23.0,56,28,28,0.5,33.6,7.4,15.0,0.49,2.9,7.2,0.4,3.1,3.6,0.871,0.6,3.1,3.7,10.4,2.5,1.6,0.4,0.8,1.2,2.8,20.7,-0.6
Tyrese Maxey,PHI,22.0,60,39,21,0.65,33.6,7.3,15.2,0.481,2.7,6.2,0.434,3.0,3.6,0.845,0.4,2.6,2.9,3.5,1.3,0.8,0.1,0.6,2.2,2.7,20.3,4.0
Tyus Jones,MEM,27.0,80,51,29,0.638,24.2,3.9,8.9,0.438,1.5,4.1,0.371,1.0,1.2,0.806,0.4,2.2,2.5,5.2,0.9,1.0,0.1,0.2,0.4,1.0,10.3,1.2
Usman Garuba,HOU,21.0,75,21,54,0.28,12.9,1.1,2.4,0.486,0.3,0.8,0.407,0.4,0.6,0.617,1.6,2.5,4.1,0.9,0.6,0.6,0.4,0.3,1.8,0.6,3.0,-3.4
Victor Oladipo,MIA,31.0,42,23,19,0.548,26.3,3.8,9.6,0.397,1.7,5.0,0.33,1.4,1.9,0.747,0.4,2.7,3.0,3.5,2.1,1.4,0.3,0.4,2.4,1.6,10.7,-0.8
Vlatko Cancar,DEN,26.0,60,38,22,0.633,14.8,1.8,3.8,0.476,0.7,1.9,0.374,0.6,0.7,0.927,0.4,1.7,2.1,1.3,0.6,0.4,0.2,0.2,1.4,0.8,5.0,-1.1
Walker Kessler,UTA,21.0,74,34,40,0.459,23.0,4.0,5.6,0.72,0.0,0.0,0.333,1.1,2.1,0.516,3.1,5.3,8.4,0.9,0.8,0.4,2.3,0.5,2.3,1.7,9.2,1.0
Wendell Carter Jr.,ORL,24.0,57,26,31,0.456,29.6,5.6,10.8,0.525,1.4,3.9,0.356,2.5,3.4,0.738,2.1,6.6,8.7,2.3,1.9,0.5,0.6,0.3,2.8,2.9,15.2,-0.7
Wenyen Gabriel,LAL,26.0,68,37,31,0.544,15.1,2.3,3.8,0.596,0.1,0.5,0.278,0.8,1.2,0.619,1.7,2.5,4.2,0.5,0.7,0.4,0.5,0.3,2.1,1.3,5.5,-0.5
Wesley Matthews,MIL,36.0,52,37,15,0.712,15.8,1.1,3.1,0.363,0.8,2.4,0.315,0.5,0.5,0.857,0.7,1.5,2.2,0.7,0.3,0.4,0.3,0.0,1.4,0.6,3.4,1.0
Will Barton,TOR,32.0,56,27,29,0.482,17.7,2.5,6.5,0.379,1.2,3.2,0.367,0.7,0.8,0.787,0.3,2.2,2.4,2.0,0.9,0.5,0.2,0.4,1.0,0.6,6.8,-3.0
Xavier Tillman,MEM,24.0,61,40,21,0.656,19.3,3.1,5.0,0.614,0.1,0.2,0.267,0.8,1.5,0.551,2.0,3.0,5.0,1.6,0.7,1.0,0.5,0.6,1.6,1.2,7.0,0.0
Yuta Watanabe,BKN,28.0,58,30,28,0.517,16.0,2.0,4.0,0.491,1.0,2.3,0.444,0.6,0.8,0.723,0.5,1.9,2.4,0.8,0.4,0.4,0.3,0.2,1.4,0.7,5.6,-0.1
Zach Collins,SAS,25.0,63,20,43,0.317,22.9,4.5,8.7,0.518,0.9,2.3,0.374,1.7,2.3,0.761,1.8,4.5,6.4,2.9,2.0,0.6,0.8,0.6,3.2,2.3,11.6,-3.8
Zach LaVine,CHI,28.0,77,38,39,0.494,35.9,8.7,18.0,0.485,2.6,7.1,0.375,4.7,5.6,0.848,0.5,3.9,4.5,4.2,2.5,0.9,0.2,1.0,2.1,3.8,24.8,0.2
Zeke Nnaji,DEN,22.0,53,34,19,0.642,13.7,2.1,3.7,0.561,0.3,1.2,0.262,0.8,1.2,0.645,1.2,1.4,2.6,0.3,0.6,0.3,0.4,0.2,2.0,1.2,5.2,-1.8
